{
  "experiment": "5A_digisteel_v4_dafe",
  "architecture": "YOLOv11n + DAFE (P2 + P3)",
  "model": "yolo11n",
  "weights": "D:\\DigiSteel-Yolo\\DigiSteel-YOLO\\runs\\detect\\exp_5a_digisteel_v4_dafe\\weights\\best.pt",
  "map50": 0.8031775649037852,
  "map50_95": 0.44190489988201515,
  "precision": 0.8518851936899381,
  "recall": 0.6997393113450499,
  "per_class_ap50": {
    "crazing": 0.48635625775040575,
    "inclusion": 0.8652216080763095,
    "patches": 0.8852165661696936,
    "pitted_surface": 0.8165298948499148,
    "rolled-in_scale": 0.7794351221400126,
    "scratches": 0.9863059404363752
  },
  "training_time_hours": 3.51,
  "copy_paste_used": 0.1,
  "fps": 110.45484959913674,
  "hyperparameters": {
    "epochs": 600,
    "patience": 150,
    "batch": 16,
    "imgsz": 800,
    "optimizer": "AdamW",
    "lr0": 0.001,
    "mosaic": 0.0,
    "mixup": 0.15,
    "copy_paste": 0.1,
    "cos_lr": true
  },
  "vs_baseline": {
    "map50_delta": 0.015516485329633123,
    "map50_95_delta": -0.009999328183840861,
    "precision_delta": 0.1329950286042917,
    "recall_delta": -0.06363878470206519,
    "per_class_delta": {
      "crazing": 0.08349835811251916,
      "inclusion": 0.03610631783041596,
      "patches": -0.04313444042976744,
      "pitted_surface": -0.005276033590707718,
      "rolled-in_scale": 0.008808450677482815,
      "scratches": 0.013096259377856856
    }
  }
}