{
  "experiment": "5B_tta_evaluation",
  "model": "yolo11n",
  "weights": "D:\\DigiSteel-Yolo\\DigiSteel-YOLO\\runs\\detect\\fresh_baseline\\weights\\best.pt",
  "baseline": {
    "map50": 0.7876610795741521,
    "map50_95": 0.451904228065856,
    "precision": 0.7188901650856464,
    "recall": 0.763378096047115,
    "eval_time_seconds": 17.374351024627686
  },
  "tta": {
    "map50": 0.816224850590793,
    "map50_95": 0.4613334792897242,
    "precision": 0.7858153655280629,
    "recall": 0.741652389306176,
    "eval_time_seconds": 13.821386337280273
  },
  "improvement": {
    "map50_delta": 0.02856377101664087,
    "map50_95_delta": 0.009429251223868174,
    "precision_delta": 0.06692520044241645,
    "recall_delta": -0.021725706740938988
  },
  "per_class_ap50": {
    "crazing": {
      "baseline": 0.4028578996378866,
      "tta": 0.578470306617636,
      "diff": 0.1756124069797494
    },
    "inclusion": {
      "baseline": 0.8291152902458936,
      "tta": 0.8503978037098245,
      "diff": 0.021282513463930952
    },
    "patches": {
      "baseline": 0.928351006599461,
      "tta": 0.9212355973854031,
      "diff": -0.007115409214057955
    },
    "pitted_surface": {
      "baseline": 0.8218059284406225,
      "tta": 0.7840853284098811,
      "diff": -0.0377206000307414
    },
    "rolled-in_scale": {
      "baseline": 0.7706266714625298,
      "tta": 0.7720462462838016,
      "diff": 0.0014195748212717518
    },
    "scratches": {
      "baseline": 0.9732096810585183,
      "tta": 0.9911138211382113,
      "diff": 0.017904140079692987
    }
  },
  "fps": {
    "no_tta": 105.34238119611592,
    "tta": 46.838617996166285,
    "tta_overhead_x": 2.249049730816954
  }
}