{
  "experiment": "fresh_baseline",
  "model": "yolo11n.pt",
  "map50": 0.7876610795741521,
  "map50_95": 0.451904228065856,
  "precision": 0.7188901650856464,
  "recall": 0.763378096047115,
  "per_class_ap50": {
    "crazing": 0.4028578996378866,
    "inclusion": 0.8291152902458936,
    "patches": 0.928351006599461,
    "pitted_surface": 0.8218059284406225,
    "rolled-in_scale": 0.7706266714625298,
    "scratches": 0.9732096810585183
  },
  "training_time_hours": 2.57,
  "copy_paste_used": 0.1,
  "hyperparameters": {
    "epochs": 600,
    "patience": 150,
    "batch": 16,
    "imgsz": 800,
    "optimizer": "AdamW",
    "lr0": 0.001,
    "mosaic": 0.0,
    "mixup": 0.15,
    "copy_paste": 0.1,
    "cos_lr": true
  }
}