{
  "experiment": "fresh_baseline",
  "baseline_map50": 0.758,
  "current_map50": 0.7876610795741521,
  "delta_map50": 0.029661079574152094,
  "map50_95": 0.451904228065856,
  "precision": 0.7188901650856464,
  "recall": 0.763378096047115,
  "per_class_ap50": {
    "crazing": 0.4028578996378866,
    "inclusion": 0.8291152902458936,
    "patches": 0.928351006599461,
    "pitted_surface": 0.8218059284406225,
    "rolled-in_scale": 0.7706266714625298,
    "scratches": 0.9732096810585183
  },
  "training_time_hours": 2.57,
  "copy_paste_used": 0.1
}